{
  "eye": {
    "orientation": [
      0.6330676674842834,
      0.1750483512878418,
      0.21221232414245605,
      0.7235671877861023
    ],
    "magnitude": 0.5773502588272095,
    "position": [
      346.2381286621094,
      -436.7102966308594,
      181.59945678710938
    ]
  },
  "paths": [],
  "ortho": false,
  "radius": 5000,
  "visualHints": 4
}