{
  "eye": {
    "orientation": [
      0.42738285660743713,
      0.5040159821510315,
      0.5751712918281555,
      0.48217201232910156
    ],
    "magnitude": 0.5773502588272095,
    "position": [
      1089.271240234375,
      310.8485412597656,
      522.498046875
    ]
  },
  "paths": [],
  "ortho": false,
  "radius": 5000,
  "visualHints": 4
}